resource_id,url,google_type,prior_http_status,prior_reason,source_file,source_line_before_cleanup,project_title,resource_label,offline_match_status,offline_best_path,offline_best_sha256,future_sync_action,affected_items,removed_labels,public_results,source_occurrence_count
rpm-0001,https://drive.google.com/file/d/1_lVufi0ZkCYb67ylza0FwUXop5DfjcHt/view?usp=sharing,google-drive,404,HTTP missing response.,assets/js/some_work_data.js,2581,Meet the Team: Giovanni Buffa | Meet the Team: Giacomo Piccinini,Landscape,missing_artifact,Ref Docs/Trust Signals/Client Logos/social-media-today-logo.png,4223eedc500197b9095eff3391621f09cb231e266a4b0c7feaedd777eeff4962,No likely offline artifact found; keep the manifest record and decide whether to hide the public link or rebuild the resource.,Meet the Team: Giovanni Buffa,Landscape,remaining links preserved,1
rpm-0002,https://drive.google.com/file/d/1-bR7temcdbWPwQPxu7hLbV-zm-JW3lVI/view,google-drive,404,HTTP missing response.,assets/js/some_work_data.js,3969,The Ultimate Landing Page Checklist | Bad ideas are part of creativity,Landscape,missing_artifact,Ref Docs/Trust Signals/Client Logos/social-media-today-logo.png,4223eedc500197b9095eff3391621f09cb231e266a4b0c7feaedd777eeff4962,No likely offline artifact found; keep the manifest record and decide whether to hide the public link or rebuild the resource.,The Ultimate Landing Page Checklist,Landscape | Square | Vertical,remaining links preserved,1
rpm-0003,https://drive.google.com/file/d/1-D6Dy41ZAYV9yYuVICwhsRB_aJYJbDjo/view,google-drive,404,HTTP missing response.,assets/js/some_work_data.js,4154,Societal Marketing in Practice,Landscape,missing_artifact,Ref Docs/Trust Signals/Client Logos/social-media-today-logo.png,4223eedc500197b9095eff3391621f09cb231e266a4b0c7feaedd777eeff4962,No likely offline artifact found; keep the manifest record and decide whether to hide the public link or rebuild the resource.,Societal Marketing in Practice,Landscape | Square | Vertical,remaining links preserved,1
rpm-0004,https://drive.google.com/file/d/1-fgJ9Mj1nhl5jeWh8pKmWDO4KqlJcZvF/view,google-drive,404,HTTP missing response.,assets/js/some_work_data.js,8339,Online ad spend is eating the pie,Square,missing_artifact,Ref Docs/Work/Public Speaking/Images/Staff/square-collage.jpg,27ed996fdda1b2c944ba749e93852e39d03325feb1fac478e5bc55bdcb9210df,No likely offline artifact found; keep the manifest record and decide whether to hide the public link or rebuild the resource.,Online ad spend is eating the pie,Square,remaining links preserved,1
rpm-0005,https://drive.google.com/file/d/11-IZQo75CBL0Lg9M9-qDUV-FFaFs7opJ/view,google-drive,404,HTTP missing response.,assets/js/some_work_data.js,8395,Visuals matter (a lot) | Google dominates search,Landscape,missing_artifact,Ref Docs/Trust Signals/Client Logos/social-media-today-logo.png,4223eedc500197b9095eff3391621f09cb231e266a4b0c7feaedd777eeff4962,No likely offline artifact found; keep the manifest record and decide whether to hide the public link or rebuild the resource.,Visuals matter (a lot),Landscape,remaining links preserved,1
rpm-0006,https://drive.google.com/file/d/12wUVdQ4-9hfMfaNIf5aOKK97n_jI8UF6/view?usp=sharing,google-drive,404,HTTP missing response.,assets/js/some_work_data.js,2382,"Meet Pavel, Video Production Intern",Square | Landscape,missing_artifact,Ref Docs/Trust Signals/Client Logos/social-media-today-logo.png,4223eedc500197b9095eff3391621f09cb231e266a4b0c7feaedd777eeff4962,No likely offline artifact found; keep the manifest record and decide whether to hide the public link or rebuild the resource.,"Meet Pavel, Video Production Intern",Square,no public link available,1
rpm-0007,https://drive.google.com/file/d/12WXaZbo4B-qMnWR3y3cOCg-HDJqbMXjz/view,google-drive,404,HTTP missing response.,assets/js/some_work_data.js,9330,Email is not dead,Square,missing_artifact,Ref Docs/Work/Public Speaking/Images/Staff/square-collage.jpg,27ed996fdda1b2c944ba749e93852e39d03325feb1fac478e5bc55bdcb9210df,No likely offline artifact found; keep the manifest record and decide whether to hide the public link or rebuild the resource.,Email is not dead,Square,remaining links preserved,1
rpm-0008,https://drive.google.com/file/d/1384mgL6dG0Oo0PbSZJJwBhSOcCmJcT4g/view,google-drive,404,HTTP missing response.,assets/js/some_work_data.js,8435,Webinars pull strong attendance,Square,missing_artifact,Ref Docs/Work/Public Speaking/Images/Staff/square-collage.jpg,27ed996fdda1b2c944ba749e93852e39d03325feb1fac478e5bc55bdcb9210df,No likely offline artifact found; keep the manifest record and decide whether to hide the public link or rebuild the resource.,Webinars pull strong attendance,Square,remaining links preserved,1
rpm-0009,https://drive.google.com/file/d/13EA8dUVWADImzWEaHAQhCL-QgiLM0Xad/view,google-drive,404,HTTP missing response.,assets/js/some_work_data.js,8691,"Reduce friction, win better deals",Square,missing_artifact,Ref Docs/Work/Public Speaking/Images/Staff/square-collage.jpg,27ed996fdda1b2c944ba749e93852e39d03325feb1fac478e5bc55bdcb9210df,No likely offline artifact found; keep the manifest record and decide whether to hide the public link or rebuild the resource.,"Reduce friction, win better deals",Square,remaining links preserved,1
rpm-0010,https://drive.google.com/file/d/15H2VuqnUrJ1UUq6fAOyaMqh2DOTopMsT/view?usp=sharing,google-drive,404,HTTP missing response.,assets/js/some_work_data.js,2345,"Meet Felix, Web Developer Intern | Meet Raluca, Graphic Design Intern",Landscape,missing_artifact,Ref Docs/Trust Signals/Client Logos/social-media-today-logo.png,4223eedc500197b9095eff3391621f09cb231e266a4b0c7feaedd777eeff4962,No likely offline artifact found; keep the manifest record and decide whether to hide the public link or rebuild the resource.,"Meet Felix, Web Developer Intern",Landscape,no public link available,1
rpm-0011,https://drive.google.com/file/d/16Bjwhvh7cdivJB8flwoTcS5ff0M7l59J/view,google-drive,404,HTTP missing response.,assets/js/some_work_data.js,9258,Make visuals part of the strategy | Win the first 8 seconds,Landscape,missing_artifact,Ref Docs/Trust Signals/Client Logos/social-media-today-logo.png,4223eedc500197b9095eff3391621f09cb231e266a4b0c7feaedd777eeff4962,No likely offline artifact found; keep the manifest record and decide whether to hide the public link or rebuild the resource.,Make visuals part of the strategy,Landscape,remaining links preserved,1
rpm-0012,https://drive.google.com/file/d/1AEUlRMUJBOU4eQ3Nzvmnatqty68KFv3s/view,google-drive,404,HTTP missing response.,assets/js/some_work_data.js,8755,In-house vs outsource is a real split,Square,missing_artifact,Ref Docs/Work/Public Speaking/Images/Staff/square-collage.jpg,27ed996fdda1b2c944ba749e93852e39d03325feb1fac478e5bc55bdcb9210df,No likely offline artifact found; keep the manifest record and decide whether to hide the public link or rebuild the resource.,In-house vs outsource is a real split,Square,remaining links preserved,1
rpm-0013,https://drive.google.com/file/d/1AKfEIpnOEsU8STbd3bOX_p2CT6Dmw88U/view,google-drive,404,HTTP missing response.,assets/js/some_work_data.js,9234,Win the first 8 seconds,Square,missing_artifact,Ref Docs/Work/Public Speaking/Images/Staff/square-collage.jpg,27ed996fdda1b2c944ba749e93852e39d03325feb1fac478e5bc55bdcb9210df,No likely offline artifact found; keep the manifest record and decide whether to hide the public link or rebuild the resource.,Win the first 8 seconds,Square,remaining links preserved,1
rpm-0014,https://drive.google.com/file/d/1APBHr0BfspBhm4s0XWlfTjcgMmEcPEeK/view,google-drive,404,HTTP missing response.,assets/js/some_work_data.js,8204,"Trust is a relationship, not a transaction | Klint Page",Square,missing_artifact,Ref Docs/Trust Signals/Client Logos/social-media-today-logo.png,4223eedc500197b9095eff3391621f09cb231e266a4b0c7feaedd777eeff4962,No likely offline artifact found; keep the manifest record and decide whether to hide the public link or rebuild the resource.,"Trust is a relationship, not a transaction",Landscape,remaining links preserved,1
rpm-0015,https://drive.google.com/file/d/1Bc0vLS7-4_qltglG_RAgSsb1Fu4IFDls/view,google-drive,404,HTTP missing response.,assets/js/some_work_data.js,9194,Paid social is the baseline now | Page 2 might as well not exist,Landscape,missing_artifact,Ref Docs/Trust Signals/Client Logos/social-media-today-logo.png,4223eedc500197b9095eff3391621f09cb231e266a4b0c7feaedd777eeff4962,No likely offline artifact found; keep the manifest record and decide whether to hide the public link or rebuild the resource.,Paid social is the baseline now,Landscape,remaining links preserved,1
rpm-0016,https://drive.google.com/file/d/1btLk4LHjCn-KSNPsy5beEMk_ImoyYgbd/view?usp=sharing,google-drive,404,HTTP missing response.,assets/js/some_work_data.js,2432,"Meet Coco, Marketing Intern | Meet Rayane, Web Developer Intern",Landscape,missing_artifact,Ref Docs/Trust Signals/Client Logos/social-media-today-logo.png,4223eedc500197b9095eff3391621f09cb231e266a4b0c7feaedd777eeff4962,No likely offline artifact found; keep the manifest record and decide whether to hide the public link or rebuild the resource.,"Meet Coco, Marketing Intern",Landscape,no public link available,1
rpm-0017,https://drive.google.com/file/d/1CAsMzqxRZvWrLFQpiSC0H9eWEEMzv7WL/view,google-drive,404,HTTP missing response.,assets/js/some_work_data.js,8371,Google dominates search,Square,missing_artifact,Ref Docs/Work/Public Speaking/Images/Staff/square-collage.jpg,27ed996fdda1b2c944ba749e93852e39d03325feb1fac478e5bc55bdcb9210df,No likely offline artifact found; keep the manifest record and decide whether to hide the public link or rebuild the resource.,Google dominates search,Square,remaining links preserved,1
rpm-0018,https://drive.google.com/file/d/1CpB_AZedg2sUJZ9hb5C4XkXW8jmUbKF8/view,google-drive,404,HTTP missing response.,assets/js/some_work_data.js,8363,Google dominates search | Online ad spend is eating the pie,Landscape,missing_artifact,Ref Docs/Trust Signals/Client Logos/social-media-today-logo.png,4223eedc500197b9095eff3391621f09cb231e266a4b0c7feaedd777eeff4962,No likely offline artifact found; keep the manifest record and decide whether to hide the public link or rebuild the resource.,Google dominates search,Landscape,remaining links preserved,1
rpm-0019,https://drive.google.com/file/d/1d4guGOw-Nc0s1_4WMiC84bbaimyqL0Qa/view,google-drive,404,HTTP missing response.,assets/js/some_work_data.js,4191,Sustainable Marketing Benefits,Landscape,missing_artifact,Ref Docs/Trust Signals/Client Logos/social-media-today-logo.png,4223eedc500197b9095eff3391621f09cb231e266a4b0c7feaedd777eeff4962,No likely offline artifact found; keep the manifest record and decide whether to hide the public link or rebuild the resource.,Sustainable Marketing Benefits,Landscape | Square | Vertical,remaining links preserved,1
rpm-0020,https://drive.google.com/file/d/1dlT5QNMbtX-Lnlzthf4zbspnBG9rqRqN/view,google-drive,404,HTTP missing response.,assets/js/some_work_data.js,8787,Video is a lead gen weapon,Square,missing_artifact,Ref Docs/Work/Public Speaking/Images/Staff/square-collage.jpg,27ed996fdda1b2c944ba749e93852e39d03325feb1fac478e5bc55bdcb9210df,No likely offline artifact found; keep the manifest record and decide whether to hide the public link or rebuild the resource.,Video is a lead gen weapon,Square,remaining links preserved,1
rpm-0021,https://drive.google.com/file/d/1e12SMcLrI53ioIA_VwNDICY5prMGsIno/view?usp=sharing,google-drive,404,HTTP missing response.,assets/js/some_work_data.js,2411,"Meet Rayane, Web Developer Intern",Square | Landscape,missing_artifact,Ref Docs/Trust Signals/Client Logos/social-media-today-logo.png,4223eedc500197b9095eff3391621f09cb231e266a4b0c7feaedd777eeff4962,No likely offline artifact found; keep the manifest record and decide whether to hide the public link or rebuild the resource.,"Meet Rayane, Web Developer Intern",Square,no public link available,1
rpm-0022,https://drive.google.com/file/d/1E61ZhhUvYRAYMTIL1igf8naPHx-qUOPf/view,google-drive,404,HTTP missing response.,assets/js/some_work_data.js,4006,Sustainable Marketing: What It Is and How to Use It,Landscape,missing_artifact,Ref Docs/Trust Signals/Client Logos/social-media-today-logo.png,4223eedc500197b9095eff3391621f09cb231e266a4b0c7feaedd777eeff4962,No likely offline artifact found; keep the manifest record and decide whether to hide the public link or rebuild the resource.,Sustainable Marketing: What It Is and How to Use It,Landscape | Square | Vertical,remaining links preserved,1
rpm-0023,https://drive.google.com/file/d/1eboAK8E-HDlL886kLr_b7lUJS3TwsQMn/view,google-drive,404,HTTP missing response.,assets/js/some_work_data.js,9354,Micro-influencers can outperform big names | Email is not dead,Landscape,missing_artifact,Ref Docs/Trust Signals/Client Logos/social-media-today-logo.png,4223eedc500197b9095eff3391621f09cb231e266a4b0c7feaedd777eeff4962,No likely offline artifact found; keep the manifest record and decide whether to hide the public link or rebuild the resource.,Micro-influencers can outperform big names,Landscape,remaining links preserved,1
rpm-0024,https://drive.google.com/file/d/1eCo5Lze5dxD4ddxfd2TDZdTMuvLW1lEQ/view,google-drive,404,HTTP missing response.,assets/js/some_work_data.js,3518,Marketing Statistics,Landscape,missing_artifact,Ref Docs/Work/Public Speaking/Images/Event Banners/Growth Secrets - Social media amplificaiton.jfif,7e12e68e3b070870ba4d9300f2bd5220b909eacf9131237c3f41ffc00c9fbd46,No likely offline artifact found; keep the manifest record and decide whether to hide the public link or rebuild the resource.,Marketing Statistics | YouTube is mainstream (still),Landscape,remaining links preserved,2
rpm-0025,https://drive.google.com/file/d/1EZaJvfoxgMoDl8Q_Jezkc_o5QYvZ88B0/view,google-drive,404,HTTP missing response.,assets/js/some_work_data.js,8236,"Email traffic drives more purchases | Trust is a relationship, not a transaction",Landscape,missing_artifact,Ref Docs/Trust Signals/Client Logos/social-media-today-logo.png,4223eedc500197b9095eff3391621f09cb231e266a4b0c7feaedd777eeff4962,No likely offline artifact found; keep the manifest record and decide whether to hide the public link or rebuild the resource.,Email traffic drives more purchases,Landscape,remaining links preserved,1
rpm-0026,https://drive.google.com/file/d/1f2zq4GrJGhEcxMQNRMQeD60427V_zSoj/view,google-drive,404,HTTP missing response.,assets/js/some_work_data.js,8619,Bad service loses customers fast | LinkedIn audience is not one-size-fits-all,Landscape,missing_artifact,Ref Docs/Trust Signals/Client Logos/social-media-today-logo.png,4223eedc500197b9095eff3391621f09cb231e266a4b0c7feaedd777eeff4962,No likely offline artifact found; keep the manifest record and decide whether to hide the public link or rebuild the resource.,Bad service loses customers fast,Landscape,remaining links preserved,1
rpm-0027,https://drive.google.com/file/d/1FicULlioWQpqXF6rCxjZ8X3VDMbXFkbt/view?usp=sharing,google-drive,404,HTTP missing response.,assets/js/some_work_data.js,2612,Meet the Team: Julia González | Meet the Team: Giovanni Buffa,Landscape,missing_artifact,Ref Docs/Trust Signals/Client Logos/social-media-today-logo.png,4223eedc500197b9095eff3391621f09cb231e266a4b0c7feaedd777eeff4962,No likely offline artifact found; keep the manifest record and decide whether to hide the public link or rebuild the resource.,Meet the Team: Julia González,Landscape,remaining links preserved,1
rpm-0028,https://drive.google.com/file/d/1G1I-mbbXMQ6My1SDA_MYoqbwQcKoHI_Y/view,google-drive,404,HTTP missing response.,assets/js/some_work_data.js,8268,Know your audience by platform | Email traffic drives more purchases,Landscape,missing_artifact,Ref Docs/Trust Signals/Client Logos/social-media-today-logo.png,4223eedc500197b9095eff3391621f09cb231e266a4b0c7feaedd777eeff4962,No likely offline artifact found; keep the manifest record and decide whether to hide the public link or rebuild the resource.,Know your audience by platform,Landscape,remaining links preserved,1
rpm-0029,https://drive.google.com/file/d/1GChGtGu4nhWT_tAhfNUBhLOQaDVczivA/view,google-drive,404,HTTP missing response.,assets/js/some_work_data.js,8118,Not suitable | 60+ Pros and Cons of Instagram (2021),Landscape,missing_artifact,Ref Docs/Trust Signals/Client Logos/social-media-today-logo.png,4223eedc500197b9095eff3391621f09cb231e266a4b0c7feaedd777eeff4962,No likely offline artifact found; keep the manifest record and decide whether to hide the public link or rebuild the resource.,Not suitable,Square,remaining links preserved,1
rpm-0030,https://drive.google.com/file/d/1gkTdJVNfKvfPBwIpFC1C-OtFZikwj8Pv/view,google-drive,404,HTTP missing response.,assets/js/some_work_data.js,8244,Email traffic drives more purchases,Square,missing_artifact,Ref Docs/Trust Signals/Client Logos/social-media-today-logo.png,4223eedc500197b9095eff3391621f09cb231e266a4b0c7feaedd777eeff4962,No likely offline artifact found; keep the manifest record and decide whether to hide the public link or rebuild the resource.,Email traffic drives more purchases,Square,remaining links preserved,1
rpm-0031,https://drive.google.com/file/d/1HktR213DhkMeQ15-5x3orn15Qp9Jls4H/view,google-drive,404,HTTP missing response.,assets/js/some_work_data.js,8499,Facebook still reaches massive scale,Square,missing_artifact,Ref Docs/Work/Public Speaking/Images/Staff/square-collage.jpg,27ed996fdda1b2c944ba749e93852e39d03325feb1fac478e5bc55bdcb9210df,No likely offline artifact found; keep the manifest record and decide whether to hide the public link or rebuild the resource.,Facebook still reaches massive scale,Square,remaining links preserved,1
rpm-0032,https://drive.google.com/file/d/1Hrccmf_P-sj20XoORJyVElgudG43v9aC/view,google-drive,404,HTTP missing response.,assets/js/some_work_data.js,8587,LinkedIn audience is not one-size-fits-all | Twitter keeps growing,Landscape,missing_artifact,Ref Docs/Work/Public Speaking/Images/Event Banners/Growth Secrets - Social media amplificaiton.jfif,7e12e68e3b070870ba4d9300f2bd5220b909eacf9131237c3f41ffc00c9fbd46,No likely offline artifact found; keep the manifest record and decide whether to hide the public link or rebuild the resource.,LinkedIn audience is not one-size-fits-all,Landscape,remaining links preserved,1
rpm-0033,https://drive.google.com/file/d/1i3FMlhPQ6kfhb7p1iopgl7DNhuxBQjGg/view,google-drive,404,HTTP missing response.,assets/js/some_work_data.js,3526,Marketing Statistics,Square | Vertical,missing_artifact,Ref Docs/Work/Public Speaking/Images/Event Banners/Growth Secrets - Social media amplificaiton.jfif,7e12e68e3b070870ba4d9300f2bd5220b909eacf9131237c3f41ffc00c9fbd46,No likely offline artifact found; keep the manifest record and decide whether to hide the public link or rebuild the resource.,Marketing Statistics | YouTube is mainstream (still),Square,remaining links preserved,2
rpm-0034,https://drive.google.com/file/d/1IAePrKk1svTbP6w69HGWMmNCf1VBoMnU/view?usp=sharing,google-drive,404,HTTP missing response.,assets/js/some_work_data.js,3088,Staying ahead in digital marketing | SEO is a long game,Landscape,missing_artifact,Ref Docs/Work/Public Speaking/Images/Event Banners/Growth Secrets - Social media amplificaiton.jfif,7e12e68e3b070870ba4d9300f2bd5220b909eacf9131237c3f41ffc00c9fbd46,No likely offline artifact found; keep the manifest record and decide whether to hide the public link or rebuild the resource.,Staying ahead in digital marketing | A simple process for high-performance ads,Landscape,no public link available,2
rpm-0035,https://drive.google.com/file/d/1Irpl1WskuACTzSuxvLU9CeTFpI3b2F7V/view,google-drive,404,HTTP missing response.,assets/js/some_work_data.js,8563,Twitter keeps growing,Square,missing_artifact,Ref Docs/Work/Public Speaking/Images/Event Banners/Growth Secrets - Social media amplificaiton.jfif,7e12e68e3b070870ba4d9300f2bd5220b909eacf9131237c3f41ffc00c9fbd46,No likely offline artifact found; keep the manifest record and decide whether to hide the public link or rebuild the resource.,Twitter keeps growing,Square,remaining links preserved,1
rpm-0036,https://drive.google.com/file/d/1iTIA1qkx3Z9QoWeNC48dxedMnmtQDTr2/view,google-drive,404,HTTP missing response.,assets/js/some_work_data.js,8523,Instagram kept growing in Western Europe | Facebook still reaches massive scale,Landscape,missing_artifact,Ref Docs/Work/Public Speaking/Images/Event Banners/Growth Secrets - Social media amplificaiton.jfif,7e12e68e3b070870ba4d9300f2bd5220b909eacf9131237c3f41ffc00c9fbd46,No likely offline artifact found; keep the manifest record and decide whether to hide the public link or rebuild the resource.,Instagram kept growing in Western Europe,Landscape,remaining links preserved,1
rpm-0037,https://drive.google.com/file/d/1jwzfQe2tqzYHTm9yi7cfoXyb4VokjVcA/view?usp=sharing,google-drive,404,HTTP missing response.,assets/js/some_work_data.js,2440,"Meet Coco, Marketing Intern",Square | Landscape,missing_artifact,Ref Docs/Trust Signals/Client Logos/social-media-today-logo.png,4223eedc500197b9095eff3391621f09cb231e266a4b0c7feaedd777eeff4962,No likely offline artifact found; keep the manifest record and decide whether to hide the public link or rebuild the resource.,"Meet Coco, Marketing Intern",Square,no public link available,1
rpm-0038,https://drive.google.com/file/d/1KI9DlsNEMCGuNcU5KxuBkA__5MTUr8Ko/view,google-drive,404,HTTP missing response.,assets/js/some_work_data.js,8307,Email marketing ROI is huge,Square,missing_artifact,Ref Docs/Work/Public Speaking/Images/Staff/square-collage.jpg,27ed996fdda1b2c944ba749e93852e39d03325feb1fac478e5bc55bdcb9210df,No likely offline artifact found; keep the manifest record and decide whether to hide the public link or rebuild the resource.,Email marketing ROI is huge,Square,remaining links preserved,1
rpm-0039,https://drive.google.com/file/d/1klbUrey6h9G9aOLy1OVcxD4Tnlp1YtR2/view,google-drive,404,HTTP missing response.,assets/js/some_work_data.js,8627,Bad service loses customers fast,Square,missing_artifact,Ref Docs/Work/Public Speaking/Images/Staff/square-collage.jpg,27ed996fdda1b2c944ba749e93852e39d03325feb1fac478e5bc55bdcb9210df,No likely offline artifact found; keep the manifest record and decide whether to hide the public link or rebuild the resource.,Bad service loses customers fast,Square,remaining links preserved,1
rpm-0040,https://drive.google.com/file/d/1kSLdPibj1iYMBMEAxkw08HTGymRuESuF/view,google-drive,404,HTTP missing response.,assets/js/some_work_data.js,9226,Win the first 8 seconds | Paid social is the baseline now,Landscape,missing_artifact,Ref Docs/Trust Signals/Client Logos/social-media-today-logo.png,4223eedc500197b9095eff3391621f09cb231e266a4b0c7feaedd777eeff4962,No likely offline artifact found; keep the manifest record and decide whether to hide the public link or rebuild the resource.,Win the first 8 seconds,Landscape,remaining links preserved,1
rpm-0041,https://drive.google.com/file/d/1loz5CMrNHHu1F7lGJBxMbUWpu2mpDWME/view,google-drive,404,HTTP missing response.,assets/js/some_work_data.js,8276,Know your audience by platform,Square,missing_artifact,Ref Docs/Work/Public Speaking/Images/Staff/square-collage.jpg,27ed996fdda1b2c944ba749e93852e39d03325feb1fac478e5bc55bdcb9210df,No likely offline artifact found; keep the manifest record and decide whether to hide the public link or rebuild the resource.,Know your audience by platform,Square,remaining links preserved,1
rpm-0042,https://drive.google.com/file/d/1LpHjvNsbr2MqELnG81qwZhcZcJKZi8CE/view,google-drive,404,HTTP missing response.,assets/js/some_work_data.js,9322,Email is not dead | Google searches an enormous web index,Landscape,missing_artifact,Ref Docs/Trust Signals/Client Logos/social-media-today-logo.png,4223eedc500197b9095eff3391621f09cb231e266a4b0c7feaedd777eeff4962,No likely offline artifact found; keep the manifest record and decide whether to hide the public link or rebuild the resource.,Email is not dead,Landscape,remaining links preserved,1
rpm-0043,https://drive.google.com/file/d/1lSgR1DQ2qgxyAQeMhluztO_uftcNassy/view,google-drive,404,HTTP missing response.,assets/js/some_work_data.js,9290,Google searches an enormous web index | Make visuals part of the strategy,Landscape,missing_artifact,Ref Docs/Trust Signals/Client Logos/social-media-today-logo.png,4223eedc500197b9095eff3391621f09cb231e266a4b0c7feaedd777eeff4962,No likely offline artifact found; keep the manifest record and decide whether to hide the public link or rebuild the resource.,Google searches an enormous web index,Landscape,remaining links preserved,1
rpm-0044,https://drive.google.com/file/d/1MUYZ0sLy--3wZLZD-0gKzPSLr7Ii40m1/view?usp=sharing,google-drive,404,HTTP missing response.,assets/js/some_work_data.js,2558,Meet the Team: Giacomo Piccinini,Square,missing_artifact,Ref Docs/Work/Public Speaking/Images/Staff/square-collage.jpg,27ed996fdda1b2c944ba749e93852e39d03325feb1fac478e5bc55bdcb9210df,No likely offline artifact found; keep the manifest record and decide whether to hide the public link or rebuild the resource.,Meet the Team: Giacomo Piccinini,Square,remaining links preserved,1
rpm-0045,https://drive.google.com/file/d/1MWpGVdpalQ3L3lsgEgXscGxV3wsRnaFL/view,google-drive,404,HTTP missing response.,assets/js/some_work_data.js,8747,In-house vs outsource is a real split | YouTube is mainstream (still),Landscape,missing_artifact,Ref Docs/Trust Signals/Client Logos/social-media-today-logo.png,4223eedc500197b9095eff3391621f09cb231e266a4b0c7feaedd777eeff4962,No likely offline artifact found; keep the manifest record and decide whether to hide the public link or rebuild the resource.,In-house vs outsource is a real split,Landscape,remaining links preserved,1
rpm-0046,https://drive.google.com/file/d/1NWTthH2TjKb-FPwUzljpLsX3nztzVgye/view?usp=sharing,google-drive,404,HTTP missing response.,assets/js/some_work_data.js,2589,Meet the Team: Giovanni Buffa,Square,missing_artifact,Ref Docs/Work/Public Speaking/Images/Staff/square-collage.jpg,27ed996fdda1b2c944ba749e93852e39d03325feb1fac478e5bc55bdcb9210df,No likely offline artifact found; keep the manifest record and decide whether to hide the public link or rebuild the resource.,Meet the Team: Giovanni Buffa,Square,remaining links preserved,1
rpm-0047,https://drive.google.com/file/d/1oCcjgTTadugcxEX9hWjQJsiKRKtSI15g/view?usp=sharing,google-drive,404,HTTP missing response.,assets/js/some_work_data.js,8178,Klint Page | Klint Marketing,Landscape,missing_artifact,Ref Docs/Work/Public Speaking/Images/Event Banners/Growth Secrets - Social media amplificaiton.jfif,7e12e68e3b070870ba4d9300f2bd5220b909eacf9131237c3f41ffc00c9fbd46,No likely offline artifact found; keep the manifest record and decide whether to hide the public link or rebuild the resource.,Klint Page,Square,remaining links preserved,1
rpm-0048,https://drive.google.com/file/d/1OjlNqLmnXBrtRGyKigIYaYNY7DzWGkQN/view?usp=sharing,google-drive,404,HTTP missing response.,assets/js/some_work_data.js,2461,"Meet Femke, Marketing Intern | Meet Coco, Marketing Intern",Landscape,missing_artifact,Ref Docs/Trust Signals/Client Logos/social-media-today-logo.png,4223eedc500197b9095eff3391621f09cb231e266a4b0c7feaedd777eeff4962,No likely offline artifact found; keep the manifest record and decide whether to hide the public link or rebuild the resource.,"Meet Femke, Marketing Intern",Landscape,no public link available,1
rpm-0049,https://drive.google.com/file/d/1oOddcoh0-eKsiMJIDJCgZmC7MCxLOjXU/view,google-drive,404,HTTP missing response.,assets/js/some_work_data.js,8459,Blogging fuels backlinks | Webinars pull strong attendance,Landscape,missing_artifact,Ref Docs/Trust Signals/Client Logos/social-media-today-logo.png,4223eedc500197b9095eff3391621f09cb231e266a4b0c7feaedd777eeff4962,No likely offline artifact found; keep the manifest record and decide whether to hide the public link or rebuild the resource.,Blogging fuels backlinks,Landscape,remaining links preserved,1
rpm-0050,https://drive.google.com/file/d/1oSIm6gdW0J_ZVBln5QJbzMEqPQNTgfRK/view,google-drive,404,HTTP missing response.,assets/js/some_work_data.js,8467,Blogging fuels backlinks,Square,missing_artifact,Ref Docs/Work/Public Speaking/Images/Staff/square-collage.jpg,27ed996fdda1b2c944ba749e93852e39d03325feb1fac478e5bc55bdcb9210df,No likely offline artifact found; keep the manifest record and decide whether to hide the public link or rebuild the resource.,Blogging fuels backlinks,Square,remaining links preserved,1
rpm-0051,https://drive.google.com/file/d/1oT7trGt2TgdCA2RVND7ZNZRCFh316Ig7/view?usp=sharing,google-drive,404,HTTP missing response.,assets/js/some_work_data.js,2320,"Meet Raluca, Graphic Design Intern",Square,missing_artifact,Ref Docs/Work/Public Speaking/Images/Staff/square-collage.jpg,27ed996fdda1b2c944ba749e93852e39d03325feb1fac478e5bc55bdcb9210df,No likely offline artifact found; keep the manifest record and decide whether to hide the public link or rebuild the resource.,"Meet Raluca, Graphic Design Intern",Square,no public link available,1
rpm-0052,https://drive.google.com/file/d/1OUlUx7r2RY2K5ubaf9xNiIdJPVwPKUV7/view,google-drive,404,HTTP missing response.,assets/js/some_work_data.js,8659,Marketing automation budgets are climbing,Square,missing_artifact,Ref Docs/Work/Public Speaking/Images/Staff/square-collage.jpg,27ed996fdda1b2c944ba749e93852e39d03325feb1fac478e5bc55bdcb9210df,No likely offline artifact found; keep the manifest record and decide whether to hide the public link or rebuild the resource.,Marketing automation budgets are climbing,Square,remaining links preserved,1
rpm-0053,https://drive.google.com/file/d/1p01vTt9e0HkjP0gxAbqsrei39qP2Vxz5/view?usp=sharing,google-drive,404,HTTP missing response.,assets/js/some_work_data.js,2374,"Meet Pavel, Video Production Intern | Meet Felix, Web Developer Intern",Landscape,missing_artifact,Ref Docs/Trust Signals/Client Logos/social-media-today-logo.png,4223eedc500197b9095eff3391621f09cb231e266a4b0c7feaedd777eeff4962,No likely offline artifact found; keep the manifest record and decide whether to hide the public link or rebuild the resource.,"Meet Pavel, Video Production Intern",Landscape,no public link available,1
rpm-0054,https://drive.google.com/file/d/1p43NKMXVA652evycWRdIx2e-x1IdW8nI/view,google-drive,404,HTTP missing response.,assets/js/some_work_data.js,9202,Paid social is the baseline now,Square,missing_artifact,Ref Docs/Work/Public Speaking/Images/Staff/square-collage.jpg,27ed996fdda1b2c944ba749e93852e39d03325feb1fac478e5bc55bdcb9210df,No likely offline artifact found; keep the manifest record and decide whether to hide the public link or rebuild the resource.,Paid social is the baseline now,Square,remaining links preserved,1
rpm-0055,https://drive.google.com/file/d/1pqQFuIER-maWqQ5CXzKLXVvhn5M_f2Xa/view?usp=sharing,google-drive,404,HTTP missing response.,assets/js/some_work_data.js,2620,Meet the Team: Julia González | Meet the Team: Julia Gonz\u00e1lez,Square,missing_artifact,Ref Docs/Work/Public Speaking/Images/Staff/square-collage.jpg,27ed996fdda1b2c944ba749e93852e39d03325feb1fac478e5bc55bdcb9210df,No likely offline artifact found; keep the manifest record and decide whether to hide the public link or rebuild the resource.,Meet the Team: Julia González,Square,remaining links preserved,1
rpm-0056,https://drive.google.com/file/d/1qgL03Imx12h7wsQStcvBGhqp7Ir6LYu1/view,google-drive,404,HTTP missing response.,assets/js/some_work_data.js,8595,LinkedIn audience is not one-size-fits-all,Square,missing_artifact,Ref Docs/Work/Public Speaking/Images/Event Banners/Growth Secrets - Social media amplificaiton.jfif,7e12e68e3b070870ba4d9300f2bd5220b909eacf9131237c3f41ffc00c9fbd46,No likely offline artifact found; keep the manifest record and decide whether to hide the public link or rebuild the resource.,LinkedIn audience is not one-size-fits-all,Square,remaining links preserved,1
rpm-0057,https://drive.google.com/file/d/1QS_xFPDfU1yWOZE7H7wAcykybgkyMow7/view,google-drive,404,HTTP missing response.,assets/js/some_work_data.js,8427,Webinars pull strong attendance | Visuals matter (a lot),Landscape,missing_artifact,Ref Docs/Trust Signals/Client Logos/social-media-today-logo.png,4223eedc500197b9095eff3391621f09cb231e266a4b0c7feaedd777eeff4962,No likely offline artifact found; keep the manifest record and decide whether to hide the public link or rebuild the resource.,Webinars pull strong attendance,Landscape,remaining links preserved,1
rpm-0058,https://drive.google.com/file/d/1QWJLgFNh3cESjjL1vzZn6CdULipFFW2Z/view?usp=sharing,google-drive,404,HTTP missing response.,assets/js/some_work_data.js,2312,"Meet Raluca, Graphic Design Intern | Meet Pavel, Marketing Intern",Landscape,missing_artifact,Ref Docs/Trust Signals/Client Logos/social-media-today-logo.png,4223eedc500197b9095eff3391621f09cb231e266a4b0c7feaedd777eeff4962,No likely offline artifact found; keep the manifest record and decide whether to hide the public link or rebuild the resource.,"Meet Raluca, Graphic Design Intern",Landscape,no public link available,1
rpm-0059,https://drive.google.com/file/d/1rbIEvgHPUmle0KHiKiU4nSyZ89L2IY8H/view?usp=sharing,google-drive,404,HTTP missing response.,assets/js/some_work_data.js,2403,"Meet Rayane, Web Developer Intern | Meet Pavel, Video Production Intern",Landscape,missing_artifact,Ref Docs/Trust Signals/Client Logos/social-media-today-logo.png,4223eedc500197b9095eff3391621f09cb231e266a4b0c7feaedd777eeff4962,No likely offline artifact found; keep the manifest record and decide whether to hide the public link or rebuild the resource.,"Meet Rayane, Web Developer Intern",Landscape,no public link available,1
rpm-0060,https://drive.google.com/file/d/1ryqRQRtgQlJd17BB4WxbgbsGOINAX0k6/view,google-drive,404,HTTP missing response.,assets/js/some_work_data.js,8491,Facebook still reaches massive scale | Blogging fuels backlinks,Landscape,missing_artifact,Ref Docs/Trust Signals/Client Logos/social-media-today-logo.png,4223eedc500197b9095eff3391621f09cb231e266a4b0c7feaedd777eeff4962,No likely offline artifact found; keep the manifest record and decide whether to hide the public link or rebuild the resource.,Facebook still reaches massive scale,Landscape,remaining links preserved,1
rpm-0061,https://drive.google.com/file/d/1sbwkP1JwJiz0QBiKcqfQJxovmcgBPrgH/view,google-drive,404,HTTP missing response.,assets/js/some_work_data.js,9266,Make visuals part of the strategy,Square,missing_artifact,Ref Docs/Work/Public Speaking/Images/Staff/square-collage.jpg,27ed996fdda1b2c944ba749e93852e39d03325feb1fac478e5bc55bdcb9210df,No likely offline artifact found; keep the manifest record and decide whether to hide the public link or rebuild the resource.,Make visuals part of the strategy | Google searches an enormous web index,Square,remaining links preserved,2
rpm-0062,https://drive.google.com/file/d/1SKebgpf51W1QZUD4QgVKeq8pQ2kxltIB/view,google-drive,404,HTTP missing response.,assets/js/some_work_data.js,8212,"Trust is a relationship, not a transaction",Square,missing_artifact,Ref Docs/Trust Signals/Client Logos/social-media-today-logo.png,4223eedc500197b9095eff3391621f09cb231e266a4b0c7feaedd777eeff4962,No likely offline artifact found; keep the manifest record and decide whether to hide the public link or rebuild the resource.,"Trust is a relationship, not a transaction",Square,remaining links preserved,1
rpm-0063,https://drive.google.com/file/d/1SlZxjuAD-pPMOaDdzGH54jaxaxqr0uVa/view,google-drive,404,HTTP missing response.,assets/js/some_work_data.js,8779,Video is a lead gen weapon | In-house vs outsource is a real split,Landscape,missing_artifact,Ref Docs/Trust Signals/Client Logos/social-media-today-logo.png,4223eedc500197b9095eff3391621f09cb231e266a4b0c7feaedd777eeff4962,No likely offline artifact found; keep the manifest record and decide whether to hide the public link or rebuild the resource.,Video is a lead gen weapon,Landscape,remaining links preserved,1
rpm-0064,https://drive.google.com/file/d/1TFfjTu1Fjw15iGrEwT1ltPoIM0CM1H9J/view?usp=sharing,google-drive,404,HTTP missing response.,assets/js/some_work_data.js,2498,"Meet Ava, Marketing Intern",Square | Landscape,missing_artifact,Ref Docs/Trust Signals/Client Logos/social-media-today-logo.png,4223eedc500197b9095eff3391621f09cb231e266a4b0c7feaedd777eeff4962,No likely offline artifact found; keep the manifest record and decide whether to hide the public link or rebuild the resource.,"Meet Ava, Marketing Intern",Square,no public link available,1
rpm-0065,https://drive.google.com/file/d/1tfWbg4eWy4AiNVHyxxfff4tTagRlQK_z/view?usp=sharing,google-drive,404,HTTP missing response.,assets/js/some_work_data.js,3046,Growth hacking campaigns that move the needle | Infuse your brand with purpose,Landscape,missing_artifact,Ref Docs/Work/Public Speaking/Images/Event Banners/Growth Secrets - Social media amplificaiton.jfif,7e12e68e3b070870ba4d9300f2bd5220b909eacf9131237c3f41ffc00c9fbd46,No likely offline artifact found; keep the manifest record and decide whether to hide the public link or rebuild the resource.,Growth hacking campaigns that move the needle | Growth hacks that level up your business,Landscape,no public link available,2
rpm-0066,https://drive.google.com/file/d/1tWaBnkuCLZJD0CQAARLSFKK3bUQscoBx/view?usp=sharing,google-drive,404,HTTP missing response.,assets/js/some_work_data.js,2469,"Meet Femke, Marketing Intern",Square | Landscape,missing_artifact,Ref Docs/Trust Signals/Client Logos/social-media-today-logo.png,4223eedc500197b9095eff3391621f09cb231e266a4b0c7feaedd777eeff4962,No likely offline artifact found; keep the manifest record and decide whether to hide the public link or rebuild the resource.,"Meet Femke, Marketing Intern",Square,no public link available,1
rpm-0067,https://drive.google.com/file/d/1UFB98ktq5V8adTOwNXevyRm88mxKhUqf/view,google-drive,404,HTTP missing response.,assets/js/some_work_data.js,8331,Online ad spend is eating the pie | Email marketing ROI is huge,Landscape,missing_artifact,Ref Docs/Trust Signals/Client Logos/social-media-today-logo.png,4223eedc500197b9095eff3391621f09cb231e266a4b0c7feaedd777eeff4962,No likely offline artifact found; keep the manifest record and decide whether to hide the public link or rebuild the resource.,Online ad spend is eating the pie,Landscape,remaining links preserved,1
rpm-0068,https://drive.google.com/file/d/1UqqK6QTAecJgRCfx5S39Lgbg1_TpI90N/view?usp=sharing,google-drive,404,HTTP missing response.,assets/js/some_work_data.js,2324,"Meet Raluca, Graphic Design Intern",Vertical,missing_artifact,Ref Docs/Trust Signals/Client Logos/social-media-today-logo.png,4223eedc500197b9095eff3391621f09cb231e266a4b0c7feaedd777eeff4962,No likely offline artifact found; keep the manifest record and decide whether to hide the public link or rebuild the resource.,"Meet Raluca, Graphic Design Intern",Vertical,no public link available,1
rpm-0069,https://drive.google.com/file/d/1vv7NQSGPtRvGi_-oTsOAsVkXrLJXwdtF/view,google-drive,404,HTTP missing response.,assets/js/some_work_data.js,8555,Twitter keeps growing | Instagram kept growing in Western Europe,Landscape,missing_artifact,Ref Docs/Work/Public Speaking/Images/Event Banners/Growth Secrets - Social media amplificaiton.jfif,7e12e68e3b070870ba4d9300f2bd5220b909eacf9131237c3f41ffc00c9fbd46,No likely offline artifact found; keep the manifest record and decide whether to hide the public link or rebuild the resource.,Twitter keeps growing,Landscape,remaining links preserved,1
rpm-0070,https://drive.google.com/file/d/1WjryV-Wg7gaP2u_657tMdUsI22PQS_Q9/view,google-drive,404,HTTP missing response.,assets/js/some_work_data.js,4117,Sustainable Marketing: Customer-Value Marketing,Landscape,missing_artifact,Ref Docs/Trust Signals/Client Logos/social-media-today-logo.png,4223eedc500197b9095eff3391621f09cb231e266a4b0c7feaedd777eeff4962,No likely offline artifact found; keep the manifest record and decide whether to hide the public link or rebuild the resource.,Sustainable Marketing: Customer-Value Marketing,Landscape | Square | Vertical,remaining links preserved,1
rpm-0071,https://drive.google.com/file/d/1YAHVK_fK7X20wC-azSXMyZCS0_LDD8ZJ/view,google-drive,404,HTTP missing response.,assets/js/some_work_data.js,9362,Micro-influencers can outperform big names,Square,missing_artifact,Ref Docs/Work/Public Speaking/Images/Staff/square-collage.jpg,27ed996fdda1b2c944ba749e93852e39d03325feb1fac478e5bc55bdcb9210df,No likely offline artifact found; keep the manifest record and decide whether to hide the public link or rebuild the resource.,Micro-influencers can outperform big names,Square,remaining links preserved,1
rpm-0072,https://drive.google.com/file/d/1YcdTsjCQRuI-teKElmCYv0L1RKMvqDp7/view,google-drive,404,HTTP missing response.,assets/js/some_work_data.js,8651,Marketing automation budgets are climbing | Bad service loses customers fast,Landscape,missing_artifact,Ref Docs/Trust Signals/Client Logos/social-media-today-logo.png,4223eedc500197b9095eff3391621f09cb231e266a4b0c7feaedd777eeff4962,No likely offline artifact found; keep the manifest record and decide whether to hide the public link or rebuild the resource.,Marketing automation budgets are climbing,Landscape,remaining links preserved,1
rpm-0073,https://drive.google.com/file/d/1ypzzbi8ZyFcQxp9Bi7NT7cJS8TStZWZc/view?usp=sharing,google-drive,404,HTTP missing response.,assets/js/some_work_data.js,2490,"Meet Ava, Marketing Intern | Meet Femke, Marketing Intern",Landscape,missing_artifact,Ref Docs/Trust Signals/Client Logos/social-media-today-logo.png,4223eedc500197b9095eff3391621f09cb231e266a4b0c7feaedd777eeff4962,No likely offline artifact found; keep the manifest record and decide whether to hide the public link or rebuild the resource.,"Meet Ava, Marketing Intern",Landscape,no public link available,1
rpm-0074,https://drive.google.com/file/d/1Yxr3tTQdP93FeyG6xxqlFYzpjiXP3fMc/view?usp=sharing,google-drive,404,HTTP missing response.,assets/js/some_work_data.js,2353,"Meet Felix, Web Developer Intern",Square,missing_artifact,Ref Docs/Work/Public Speaking/Images/Staff/square-collage.jpg,27ed996fdda1b2c944ba749e93852e39d03325feb1fac478e5bc55bdcb9210df,No likely offline artifact found; keep the manifest record and decide whether to hide the public link or rebuild the resource.,"Meet Felix, Web Developer Intern",Square,no public link available,1
rpm-0075,https://drive.google.com/file/d/1yzO1EpKl0NG-9fyeFT2bQvr4oCecoobz/view,google-drive,404,HTTP missing response.,assets/js/some_work_data.js,8299,Email marketing ROI is huge | Know your audience by platform,Landscape,missing_artifact,Ref Docs/Trust Signals/Client Logos/social-media-today-logo.png,4223eedc500197b9095eff3391621f09cb231e266a4b0c7feaedd777eeff4962,No likely offline artifact found; keep the manifest record and decide whether to hide the public link or rebuild the resource.,Email marketing ROI is huge,Landscape,remaining links preserved,1
rpm-0076,https://drive.google.com/file/d/1Z3A8dCycsEFhXVKNpY-1MQtuxdSisX-S/view,google-drive,404,HTTP missing response.,assets/js/some_work_data.js,8531,Instagram kept growing in Western Europe,Square,missing_artifact,Ref Docs/Work/Public Speaking/Images/Event Banners/Growth Secrets - Social media amplificaiton.jfif,7e12e68e3b070870ba4d9300f2bd5220b909eacf9131237c3f41ffc00c9fbd46,No likely offline artifact found; keep the manifest record and decide whether to hide the public link or rebuild the resource.,Instagram kept growing in Western Europe,Square,remaining links preserved,1
rpm-0077,https://drive.google.com/file/d/1zS5NPw5sH91MqB5S7T8_FmJWG_alujRv/view?usp=sharing,google-drive,404,HTTP missing response.,assets/js/some_work_data.js,2550,Meet the Team: Giacomo Piccinini | Meet the Team: Taylor Ryan,Landscape,missing_artifact,Ref Docs/Trust Signals/Client Logos/social-media-today-logo.png,4223eedc500197b9095eff3391621f09cb231e266a4b0c7feaedd777eeff4962,No likely offline artifact found; keep the manifest record and decide whether to hide the public link or rebuild the resource.,Meet the Team: Giacomo Piccinini,Landscape,remaining links preserved,1
rpm-0078,https://drive.google.com/file/d/1ZTaXpAuombxO2XPTp5VUTNxDKoGzcxDl/view,google-drive,404,HTTP missing response.,assets/js/some_work_data.js,8403,Visuals matter (a lot),Square,missing_artifact,Ref Docs/Work/Public Speaking/Images/Staff/square-collage.jpg,27ed996fdda1b2c944ba749e93852e39d03325feb1fac478e5bc55bdcb9210df,No likely offline artifact found; keep the manifest record and decide whether to hide the public link or rebuild the resource.,Visuals matter (a lot),Square,remaining links preserved,1
rpm-0079,https://drive.google.com/file/d/1ZZhe__MmhUEdEtNg2DAdvfkxAAgxRcc1/view,google-drive,404,HTTP missing response.,assets/js/some_work_data.js,8683,"Reduce friction, win better deals | Marketing automation budgets are climbing",Landscape,missing_artifact,Ref Docs/Trust Signals/Client Logos/social-media-today-logo.png,4223eedc500197b9095eff3391621f09cb231e266a4b0c7feaedd777eeff4962,No likely offline artifact found; keep the manifest record and decide whether to hide the public link or rebuild the resource.,"Reduce friction, win better deals",Landscape,remaining links preserved,1
rpm-0080,https://docs.google.com/spreadsheets/d/1pV3K-KvATaj4qWdytYDc81T0mD_1boFiVy3SYueDCng/edit?usp=drive_link,google-sheet,410,HTTP missing response.,assets/js/marketing_full_data.js,4339,Logo Enrichment Resources [Sheet] | Clients - Ocean [Sheet],text-url,matched_artifact,Ref Docs/Work/Marketing/Case Study Creation/Case Study Creation Resources.xlsx,75bc47a920f98f220f2f599c181e7fdb9a8b4d30eea1a5c57b49c9346781487d,Use the local artifact as the replacement source after manual approval.,Logo Enrichment Resources [Sheet],Open Resource,dead action hidden; card and offline record preserved,1
